severity	updateDate	comments	line	author	rule	project	effort	message	creationDate	type	quickFixAvailable	branch	tags	component	flows	scope	textRange	debt	key	hash	status
MAJOR	2023-08-11T15:38:41+0000		46.0		python:S125	Metadata_Framework	5min	Remove this commented out code.	2023-08-11T15:38:41+0000	CODE_SMELL	false	test	"unused / "	Metadata_Framework:mdf/mdf_batch_processing.py		MAIN	{startLine=46.0, endLine=46.0, startOffset=0.0, endOffset=11.0}	5min	AYnlQNkX5AMBGlO_4zJH	de7228887a1d2986f242c44cb1da3e04	OPEN
MAJOR	2023-08-11T15:38:41+0000		56.0		python:S125	Metadata_Framework	5min	Remove this commented out code.	2023-08-11T15:38:41+0000	CODE_SMELL	false	test	"unused / "	Metadata_Framework:mdf/mdf_batch_processing.py		MAIN	{startLine=56.0, endLine=56.0, startOffset=0.0, endOffset=11.0}	5min	AYnlQNkY5AMBGlO_4zJI	de7228887a1d2986f242c44cb1da3e04	OPEN
MAJOR	2023-08-11T15:38:41+0000		129.0		python:S125	Metadata_Framework	5min	Remove this commented out code.	2023-08-11T15:38:41+0000	CODE_SMELL	false	test	"unused / "	Metadata_Framework:mdf/mdf_batch_processing.py		MAIN	{startLine=129.0, endLine=129.0, startOffset=0.0, endOffset=11.0}	5min	AYnlQNkY5AMBGlO_4zJK	de7228887a1d2986f242c44cb1da3e04	OPEN
MAJOR	2023-08-11T15:38:41+0000		75.0		python:S125	Metadata_Framework	5min	Remove this commented out code.	2023-08-11T15:38:41+0000	CODE_SMELL	false	test	"unused / "	Metadata_Framework:mdf/mdf_data_enrichment.py		MAIN	{startLine=75.0, endLine=75.0, startOffset=0.0, endOffset=11.0}	5min	AYnlQNg35AMBGlO_4zI4	de7228887a1d2986f242c44cb1da3e04	OPEN
MAJOR	2023-08-11T15:38:41+0000		89.0		python:S125	Metadata_Framework	5min	Remove this commented out code.	2023-08-11T15:38:41+0000	CODE_SMELL	false	test	"unused / "	Metadata_Framework:mdf/mdf_data_enrichment.py		MAIN	{startLine=89.0, endLine=89.0, startOffset=0.0, endOffset=11.0}	5min	AYnlQNg35AMBGlO_4zI5	de7228887a1d2986f242c44cb1da3e04	OPEN
MAJOR	2023-08-11T15:38:41+0000		109.0		python:S125	Metadata_Framework	5min	Remove this commented out code.	2023-08-11T15:38:41+0000	CODE_SMELL	false	test	"unused / "	Metadata_Framework:mdf/mdf_data_enrichment.py		MAIN	{startLine=109.0, endLine=109.0, startOffset=0.0, endOffset=11.0}	5min	AYnlQNg35AMBGlO_4zI7	de7228887a1d2986f242c44cb1da3e04	OPEN
MAJOR	2023-08-11T15:38:41+0000		191.0		python:S125	Metadata_Framework	5min	Remove this commented out code.	2023-08-11T15:38:41+0000	CODE_SMELL	false	test	"unused / "	Metadata_Framework:mdf/mdf_data_enrichment.py		MAIN	{startLine=191.0, endLine=191.0, startOffset=0.0, endOffset=11.0}	5min	AYnlQNg45AMBGlO_4zI8	de7228887a1d2986f242c44cb1da3e04	OPEN
MAJOR	2023-08-11T15:38:41+0000		233.0		python:S125	Metadata_Framework	5min	Remove this commented out code.	2023-08-11T15:38:41+0000	CODE_SMELL	false	test	"unused / "	Metadata_Framework:mdf/mdf_data_enrichment.py		MAIN	{startLine=233.0, endLine=233.0, startOffset=0.0, endOffset=11.0}	5min	AYnlQNg45AMBGlO_4zI9	de7228887a1d2986f242c44cb1da3e04	OPEN
MAJOR	2023-08-11T15:38:41+0000		328.0		python:S125	Metadata_Framework	5min	Remove this commented out code.	2023-08-11T15:38:41+0000	CODE_SMELL	false	test	"unused / "	Metadata_Framework:mdf/mdf_data_enrichment.py		MAIN	{startLine=328.0, endLine=328.0, startOffset=0.0, endOffset=11.0}	5min	AYnlQNg45AMBGlO_4zI-	de7228887a1d2986f242c44cb1da3e04	OPEN
MAJOR	2023-08-11T15:38:41+0000		377.0		python:S125	Metadata_Framework	5min	Remove this commented out code.	2023-08-11T15:38:41+0000	CODE_SMELL	false	test	"unused / "	Metadata_Framework:mdf/mdf_data_enrichment.py		MAIN	{startLine=377.0, endLine=377.0, startOffset=0.0, endOffset=11.0}	5min	AYnlQNg45AMBGlO_4zI_	de7228887a1d2986f242c44cb1da3e04	OPEN
MAJOR	2023-08-11T15:38:41+0000		513.0		python:S125	Metadata_Framework	5min	Remove this commented out code.	2023-08-11T15:38:41+0000	CODE_SMELL	false	test	"unused / "	Metadata_Framework:mdf/mdf_data_enrichment.py		MAIN	{startLine=513.0, endLine=513.0, startOffset=0.0, endOffset=11.0}	5min	AYnlQNg45AMBGlO_4zJA	de7228887a1d2986f242c44cb1da3e04	OPEN
MAJOR	2023-08-11T15:38:41+0000		773.0		python:S125	Metadata_Framework	5min	Remove this commented out code.	2023-08-11T15:38:41+0000	CODE_SMELL	false	test	"unused / "	Metadata_Framework:mdf/mdf_data_enrichment.py		MAIN	{startLine=773.0, endLine=773.0, startOffset=0.0, endOffset=11.0}	5min	AYnlQNg45AMBGlO_4zJB	de7228887a1d2986f242c44cb1da3e04	OPEN
MAJOR	2023-08-11T15:38:41+0000		961.0		python:S125	Metadata_Framework	5min	Remove this commented out code.	2023-08-11T15:38:41+0000	CODE_SMELL	false	test	"unused / "	Metadata_Framework:mdf/mdf_data_enrichment.py		MAIN	{startLine=961.0, endLine=961.0, startOffset=0.0, endOffset=11.0}	5min	AYnlQNg45AMBGlO_4zJC	de7228887a1d2986f242c44cb1da3e04	OPEN
MAJOR	2023-08-11T15:38:41+0000		84.0		python:S125	Metadata_Framework	5min	Remove this commented out code.	2023-08-11T15:38:41+0000	CODE_SMELL	false	test	"unused / "	Metadata_Framework:mdf/mdf_data_ingestion.py		MAIN	{startLine=84.0, endLine=84.0, startOffset=0.0, endOffset=11.0}	5min	AYnlQNml5AMBGlO_4zJa	de7228887a1d2986f242c44cb1da3e04	OPEN
MAJOR	2023-08-11T15:38:41+0000		111.0		python:S125	Metadata_Framework	5min	Remove this commented out code.	2023-08-11T15:38:41+0000	CODE_SMELL	false	test	"unused / "	Metadata_Framework:mdf/mdf_data_ingestion.py		MAIN	{startLine=111.0, endLine=111.0, startOffset=0.0, endOffset=11.0}	5min	AYnlQNml5AMBGlO_4zJb	de7228887a1d2986f242c44cb1da3e04	OPEN
MAJOR	2023-08-11T15:38:41+0000		131.0		python:S125	Metadata_Framework	5min	Remove this commented out code.	2023-08-11T15:38:41+0000	CODE_SMELL	false	test	"unused / "	Metadata_Framework:mdf/mdf_data_ingestion.py		MAIN	{startLine=131.0, endLine=131.0, startOffset=0.0, endOffset=11.0}	5min	AYnlQNml5AMBGlO_4zJd	de7228887a1d2986f242c44cb1da3e04	OPEN
MAJOR	2023-08-11T15:38:41+0000		222.0		python:S125	Metadata_Framework	5min	Remove this commented out code.	2023-08-11T15:38:41+0000	CODE_SMELL	false	test	"unused / "	Metadata_Framework:mdf/mdf_data_ingestion.py		MAIN	{startLine=222.0, endLine=222.0, startOffset=0.0, endOffset=11.0}	5min	AYnlQNml5AMBGlO_4zJe	de7228887a1d2986f242c44cb1da3e04	OPEN
MAJOR	2023-08-11T15:38:41+0000		265.0		python:S125	Metadata_Framework	5min	Remove this commented out code.	2023-08-11T15:38:41+0000	CODE_SMELL	false	test	"unused / "	Metadata_Framework:mdf/mdf_data_ingestion.py		MAIN	{startLine=265.0, endLine=265.0, startOffset=0.0, endOffset=11.0}	5min	AYnlQNml5AMBGlO_4zJf	de7228887a1d2986f242c44cb1da3e04	OPEN
MAJOR	2023-08-11T15:38:41+0000		360.0		python:S125	Metadata_Framework	5min	Remove this commented out code.	2023-08-11T15:38:41+0000	CODE_SMELL	false	test	"unused / "	Metadata_Framework:mdf/mdf_data_ingestion.py		MAIN	{startLine=360.0, endLine=360.0, startOffset=0.0, endOffset=11.0}	5min	AYnlQNml5AMBGlO_4zJg	de7228887a1d2986f242c44cb1da3e04	OPEN
MAJOR	2023-08-11T15:38:41+0000		409.0		python:S125	Metadata_Framework	5min	Remove this commented out code.	2023-08-11T15:38:41+0000	CODE_SMELL	false	test	"unused / "	Metadata_Framework:mdf/mdf_data_ingestion.py		MAIN	{startLine=409.0, endLine=409.0, startOffset=0.0, endOffset=11.0}	5min	AYnlQNml5AMBGlO_4zJh	de7228887a1d2986f242c44cb1da3e04	OPEN
MAJOR	2023-08-11T15:38:41+0000		556.0		python:S125	Metadata_Framework	5min	Remove this commented out code.	2023-08-11T15:38:41+0000	CODE_SMELL	false	test	"unused / "	Metadata_Framework:mdf/mdf_data_ingestion.py		MAIN	{startLine=556.0, endLine=556.0, startOffset=0.0, endOffset=11.0}	5min	AYnlQNml5AMBGlO_4zJi	de7228887a1d2986f242c44cb1da3e04	OPEN
MAJOR	2023-08-11T15:38:41+0000		966.0		python:S125	Metadata_Framework	5min	Remove this commented out code.	2023-08-11T15:38:41+0000	CODE_SMELL	false	test	"unused / "	Metadata_Framework:mdf/mdf_data_ingestion.py		MAIN	{startLine=966.0, endLine=966.0, startOffset=0.0, endOffset=11.0}	5min	AYnlQNml5AMBGlO_4zJj	de7228887a1d2986f242c44cb1da3e04	OPEN
MAJOR	2023-08-11T15:38:41+0000		1050.0		python:S125	Metadata_Framework	5min	Remove this commented out code.	2023-08-11T15:38:41+0000	CODE_SMELL	false	test	"unused / "	Metadata_Framework:mdf/mdf_data_ingestion.py		MAIN	{startLine=1050.0, endLine=1050.0, startOffset=0.0, endOffset=11.0}	5min	AYnlQNml5AMBGlO_4zJk	de7228887a1d2986f242c44cb1da3e04	OPEN
CRITICAL	2023-08-11T15:38:41+0000		809.0		python:S5747	Metadata_Framework	10min	"Remove this ""raise"" statement or move it inside an ""except"" block."	2023-08-11T15:38:41+0000	CODE_SMELL	false	test	"confusing / error-handling / unpredictable / "	Metadata_Framework:mdf/mdf_data_pipeline_libraries.py		MAIN	{startLine=809.0, endLine=809.0, startOffset=8.0, endOffset=13.0}	10min	AYnlQNcH5AMBGlO_4zIp	090245289ce5a188ea08adfb0defd1cb	OPEN
CRITICAL	2023-08-11T15:38:41+0000		939.0		python:S5747	Metadata_Framework	10min	"Remove this ""raise"" statement or move it inside an ""except"" block."	2023-08-11T15:38:41+0000	CODE_SMELL	false	test	"confusing / error-handling / unpredictable / "	Metadata_Framework:mdf/mdf_data_pipeline_libraries.py		MAIN	{startLine=939.0, endLine=939.0, startOffset=12.0, endOffset=17.0}	10min	AYnlQNcH5AMBGlO_4zIq	090245289ce5a188ea08adfb0defd1cb	OPEN
MINOR	2023-08-11T15:38:41+0000		997.0		python:S117	Metadata_Framework	2min	"Rename this parameter ""runPipelineName"" to match the regular expression ^[_a-z][a-z0-9_]*$."	2023-08-11T15:38:41+0000	CODE_SMELL	false	test	"convention / "	Metadata_Framework:mdf/mdf_data_pipeline_libraries.py		MAIN	{startLine=997.0, endLine=997.0, startOffset=4.0, endOffset=19.0}	2min	AYnlQNcH5AMBGlO_4zIr	8b3d73d9ac0eb98445f726a260a5cf14	OPEN
CRITICAL	2023-08-11T15:38:41+0000		1051.0		python:S1192	Metadata_Framework	12min	"Define a constant instead of duplicating this literal """"""
                        Introducing a time delay of 60 seconds,
                            in the corresponding pipeline stage
                    """""" 6 times."	2023-08-11T15:38:41+0000	CODE_SMELL	false	test	"design / "	Metadata_Framework:mdf/mdf_data_pipeline_libraries.py	"{locations=[{component=Metadata_Framework:mdf/mdf_data_pipeline_libraries.py, textRange={startLine=1127.0, endLine=1130.0, startOffset=20.0, endOffset=23.0}, msg=Duplication}]} / {locations=[{component=Metadata_Framework:mdf/mdf_data_pipeline_libraries.py, textRange={startLine=1239.0, endLine=1242.0, startOffset=20.0, endOffset=23.0}, msg=Duplication}]} / {locations=[{component=Metadata_Framework:mdf/mdf_data_pipeline_libraries.py, textRange={startLine=1360.0, endLine=1363.0, startOffset=20.0, endOffset=23.0}, msg=Duplication}]} / {locations=[{component=Metadata_Framework:mdf/mdf_data_pipeline_libraries.py, textRange={startLine=1499.0, endLine=1502.0, startOffset=20.0, endOffset=23.0}, msg=Duplication}]} / {locations=[{component=Metadata_Framework:mdf/mdf_data_pipeline_libraries.py, textRange={startLine=1616.0, endLine=1619.0, startOffset=20.0, endOffset=23.0}, msg=Duplication}]} / "	MAIN	{startLine=1051.0, endLine=1054.0, startOffset=20.0, endOffset=23.0}	12min	AYnlQNcG5AMBGlO_4zIm	d7ef7076734ae84447992034ead7723d	OPEN
CRITICAL	2023-08-11T15:38:41+0000		1304.0		python:S5747	Metadata_Framework	10min	"Remove this ""raise"" statement or move it inside an ""except"" block."	2023-08-11T15:38:41+0000	CODE_SMELL	false	test	"confusing / error-handling / unpredictable / "	Metadata_Framework:mdf/mdf_data_pipeline_libraries.py		MAIN	{startLine=1304.0, endLine=1304.0, startOffset=12.0, endOffset=17.0}	10min	AYnlQNcI5AMBGlO_4zIs	090245289ce5a188ea08adfb0defd1cb	OPEN
CRITICAL	2023-08-11T15:38:41+0000		1439.0		python:S5747	Metadata_Framework	10min	"Remove this ""raise"" statement or move it inside an ""except"" block."	2023-08-11T15:38:41+0000	CODE_SMELL	false	test	"confusing / error-handling / unpredictable / "	Metadata_Framework:mdf/mdf_data_pipeline_libraries.py		MAIN	{startLine=1439.0, endLine=1439.0, startOffset=12.0, endOffset=17.0}	10min	AYnlQNcI5AMBGlO_4zIt	090245289ce5a188ea08adfb0defd1cb	OPEN
MINOR	2023-08-11T15:38:41+0000		1567.0		python:S117	Metadata_Framework	2min	"Rename this local variable ""watermarkId_df"" to match the regular expression ^[_a-z][a-z0-9_]*$."	2023-08-11T15:38:41+0000	CODE_SMELL	false	test	"convention / "	Metadata_Framework:mdf/mdf_data_pipeline_libraries.py		MAIN	{startLine=1567.0, endLine=1567.0, startOffset=8.0, endOffset=22.0}	2min	AYnlQNcI5AMBGlO_4zIu	351a62c4fc315e192d69240f1490c765	OPEN
CRITICAL	2023-08-11T15:38:41+0000		1750.0		python:S5747	Metadata_Framework	10min	"Remove this ""raise"" statement or move it inside an ""except"" block."	2023-08-11T15:38:41+0000	CODE_SMELL	false	test	"confusing / error-handling / unpredictable / "	Metadata_Framework:mdf/mdf_data_pipeline_libraries.py		MAIN	{startLine=1750.0, endLine=1750.0, startOffset=16.0, endOffset=21.0}	10min	AYnlQNcI5AMBGlO_4zIv	090245289ce5a188ea08adfb0defd1cb	OPEN
CRITICAL	2023-08-11T15:38:41+0000		1758.0		python:S5747	Metadata_Framework	10min	"Remove this ""raise"" statement or move it inside an ""except"" block."	2023-08-11T15:38:41+0000	CODE_SMELL	false	test	"confusing / error-handling / unpredictable / "	Metadata_Framework:mdf/mdf_data_pipeline_libraries.py		MAIN	{startLine=1758.0, endLine=1758.0, startOffset=12.0, endOffset=17.0}	10min	AYnlQNcI5AMBGlO_4zIw	090245289ce5a188ea08adfb0defd1cb	OPEN
CRITICAL	2023-08-11T15:38:41+0000		1774.0		python:S3776	Metadata_Framework	12min	Refactor this function to reduce its Cognitive Complexity from 22 to the 15 allowed.	2023-08-11T15:38:41+0000	CODE_SMELL	false	test	"brain-overload / "	Metadata_Framework:mdf/mdf_data_pipeline_libraries.py	"{locations=[{component=Metadata_Framework:mdf/mdf_data_pipeline_libraries.py, textRange={startLine=1781.0, endLine=1781.0, startOffset=8.0, endOffset=10.0}, msg=+1}]} / {locations=[{component=Metadata_Framework:mdf/mdf_data_pipeline_libraries.py, textRange={startLine=1786.0, endLine=1786.0, startOffset=12.0, endOffset=14.0}, msg=+2 (incl 1 for nesting)}]} / {locations=[{component=Metadata_Framework:mdf/mdf_data_pipeline_libraries.py, textRange={startLine=1791.0, endLine=1791.0, startOffset=12.0, endOffset=16.0}, msg=+1}]} / {locations=[{component=Metadata_Framework:mdf/mdf_data_pipeline_libraries.py, textRange={startLine=1800.0, endLine=1800.0, startOffset=20.0, endOffset=22.0}, msg=+3 (incl 2 for nesting)}]} / {locations=[{component=Metadata_Framework:mdf/mdf_data_pipeline_libraries.py, textRange={startLine=1803.0, endLine=1803.0, startOffset=8.0, endOffset=12.0}, msg=+1}]} / {locations=[{component=Metadata_Framework:mdf/mdf_data_pipeline_libraries.py, textRange={startLine=1805.0, endLine=1805.0, startOffset=12.0, endOffset=15.0}, msg=+2 (incl 1 for nesting)}]} / {locations=[{component=Metadata_Framework:mdf/mdf_data_pipeline_libraries.py, textRange={startLine=1809.0, endLine=1809.0, startOffset=16.0, endOffset=18.0}, msg=+3 (incl 2 for nesting)}]} / {locations=[{component=Metadata_Framework:mdf/mdf_data_pipeline_libraries.py, textRange={startLine=1812.0, endLine=1812.0, startOffset=16.0, endOffset=20.0}, msg=+1}]} / {locations=[{component=Metadata_Framework:mdf/mdf_data_pipeline_libraries.py, textRange={startLine=1817.0, endLine=1817.0, startOffset=24.0, endOffset=26.0}, msg=+4 (incl 3 for nesting)}]} / {locations=[{component=Metadata_Framework:mdf/mdf_data_pipeline_libraries.py, textRange={startLine=1826.0, endLine=1826.0, startOffset=8.0, endOffset=10.0}, msg=+1}]} / {locations=[{component=Metadata_Framework:mdf/mdf_data_pipeline_libraries.py, textRange={startLine=1835.0, endLine=1835.0, startOffset=16.0, endOffset=18.0}, msg=+2 (incl 1 for nesting)}]} / {locations=[{component=Metadata_Framework:mdf/mdf_data_pipeline_libraries.py, textRange={startLine=1840.0, endLine=1840.0, startOffset=4.0, endOffset=10.0}, msg=+1}]} / "	MAIN	{startLine=1774.0, endLine=1774.0, startOffset=4.0, endOffset=40.0}	12min	AYnlQNcI5AMBGlO_4zIy	2aef860358d8ee7013db46eed5e4a868	OPEN
MINOR	2023-08-11T15:38:41+0000		1787.0		python:S117	Metadata_Framework	2min	"Rename this local variable ""fileName"" to match the regular expression ^[_a-z][a-z0-9_]*$."	2023-08-11T15:38:41+0000	CODE_SMELL	false	test	"convention / "	Metadata_Framework:mdf/mdf_data_pipeline_libraries.py		MAIN	{startLine=1787.0, endLine=1787.0, startOffset=16.0, endOffset=24.0}	2min	AYnlQNcI5AMBGlO_4zIx	ea7d2c42797fa71573362fcbd96473ab	OPEN
MINOR	2023-08-11T15:38:41+0000		2201.0		python:S117	Metadata_Framework	2min	"Rename this local variable ""columnName"" to match the regular expression ^[_a-z][a-z0-9_]*$."	2023-08-11T15:38:41+0000	CODE_SMELL	false	test	"convention / "	Metadata_Framework:mdf/mdf_data_pipeline_libraries.py		MAIN	{startLine=2201.0, endLine=2201.0, startOffset=12.0, endOffset=22.0}	2min	AYnlQNcI5AMBGlO_4zIz	ddcc2e3d01329042d723d944a53725c1	OPEN
CRITICAL	2023-08-11T15:38:41+0000		2355.0		python:S1192	Metadata_Framework	14min	"Define a constant instead of duplicating this literal "" and "" 7 times."	2023-08-11T15:38:41+0000	CODE_SMELL	false	test	"design / "	Metadata_Framework:mdf/mdf_data_pipeline_libraries.py	"{locations=[{component=Metadata_Framework:mdf/mdf_data_pipeline_libraries.py, textRange={startLine=2433.0, endLine=2433.0, startOffset=27.0, endOffset=34.0}, msg=Duplication}]} / {locations=[{component=Metadata_Framework:mdf/mdf_data_pipeline_libraries.py, textRange={startLine=2533.0, endLine=2533.0, startOffset=29.0, endOffset=36.0}, msg=Duplication}]} / {locations=[{component=Metadata_Framework:mdf/mdf_data_pipeline_libraries.py, textRange={startLine=2567.0, endLine=2567.0, startOffset=27.0, endOffset=34.0}, msg=Duplication}]} / {locations=[{component=Metadata_Framework:mdf/mdf_data_pipeline_libraries.py, textRange={startLine=2620.0, endLine=2620.0, startOffset=33.0, endOffset=40.0}, msg=Duplication}]} / {locations=[{component=Metadata_Framework:mdf/mdf_data_pipeline_libraries.py, textRange={startLine=2623.0, endLine=2623.0, startOffset=33.0, endOffset=40.0}, msg=Duplication}]} / {locations=[{component=Metadata_Framework:mdf/mdf_data_pipeline_libraries.py, textRange={startLine=2626.0, endLine=2626.0, startOffset=27.0, endOffset=34.0}, msg=Duplication}]} / "	MAIN	{startLine=2355.0, endLine=2355.0, startOffset=27.0, endOffset=34.0}	14min	AYnlQNcH5AMBGlO_4zIn	34d86c3c45c5389332913bd1379b3d5c	OPEN
CRITICAL	2023-08-11T15:38:41+0000		2675.0		python:S3776	Metadata_Framework	6min	Refactor this function to reduce its Cognitive Complexity from 16 to the 15 allowed.	2023-08-11T15:38:41+0000	CODE_SMELL	false	test	"brain-overload / "	Metadata_Framework:mdf/mdf_data_pipeline_libraries.py	"{locations=[{component=Metadata_Framework:mdf/mdf_data_pipeline_libraries.py, textRange={startLine=2686.0, endLine=2686.0, startOffset=4.0, endOffset=6.0}, msg=+1}]} / {locations=[{component=Metadata_Framework:mdf/mdf_data_pipeline_libraries.py, textRange={startLine=2687.0, endLine=2687.0, startOffset=8.0, endOffset=10.0}, msg=+2 (incl 1 for nesting)}]} / {locations=[{component=Metadata_Framework:mdf/mdf_data_pipeline_libraries.py, textRange={startLine=2697.0, endLine=2697.0, startOffset=8.0, endOffset=12.0}, msg=+1}]} / {locations=[{component=Metadata_Framework:mdf/mdf_data_pipeline_libraries.py, textRange={startLine=2706.0, endLine=2706.0, startOffset=4.0, endOffset=8.0}, msg=+1}]} / {locations=[{component=Metadata_Framework:mdf/mdf_data_pipeline_libraries.py, textRange={startLine=2707.0, endLine=2707.0, startOffset=8.0, endOffset=10.0}, msg=+2 (incl 1 for nesting)}]} / {locations=[{component=Metadata_Framework:mdf/mdf_data_pipeline_libraries.py, textRange={startLine=2715.0, endLine=2715.0, startOffset=8.0, endOffset=12.0}, msg=+1}]} / {locations=[{component=Metadata_Framework:mdf/mdf_data_pipeline_libraries.py, textRange={startLine=2725.0, endLine=2725.0, startOffset=4.0, endOffset=6.0}, msg=+1}]} / {locations=[{component=Metadata_Framework:mdf/mdf_data_pipeline_libraries.py, textRange={startLine=2728.0, endLine=2728.0, startOffset=4.0, endOffset=6.0}, msg=+1}]} / {locations=[{component=Metadata_Framework:mdf/mdf_data_pipeline_libraries.py, textRange={startLine=2731.0, endLine=2731.0, startOffset=8.0, endOffset=11.0}, msg=+2 (incl 1 for nesting)}]} / {locations=[{component=Metadata_Framework:mdf/mdf_data_pipeline_libraries.py, textRange={startLine=2743.0, endLine=2743.0, startOffset=4.0, endOffset=8.0}, msg=+1}]} / {locations=[{component=Metadata_Framework:mdf/mdf_data_pipeline_libraries.py, textRange={startLine=2744.0, endLine=2744.0, startOffset=8.0, endOffset=11.0}, msg=+2 (incl 1 for nesting)}]} / {locations=[{component=Metadata_Framework:mdf/mdf_data_pipeline_libraries.py, textRange={startLine=2749.0, endLine=2749.0, startOffset=4.0, endOffset=7.0}, msg=+1}]} / "	MAIN	{startLine=2675.0, endLine=2675.0, startOffset=4.0, endOffset=14.0}	6min	AYnlQNcI5AMBGlO_4zI3	c4db1a31ff8ba321d09174f4f233c1a6	OPEN
MINOR	2023-08-11T15:38:41+0000		2678.0		python:S117	Metadata_Framework	2min	"Rename this parameter ""useCols"" to match the regular expression ^[_a-z][a-z0-9_]*$."	2023-08-11T15:38:41+0000	CODE_SMELL	false	test	"convention / "	Metadata_Framework:mdf/mdf_data_pipeline_libraries.py		MAIN	{startLine=2678.0, endLine=2678.0, startOffset=4.0, endOffset=11.0}	2min	AYnlQNcI5AMBGlO_4zI2	3ca7bb24ddbf832b865b319dafde0fbf	OPEN
MINOR	2023-08-11T15:38:41+0000		2679.0		python:S117	Metadata_Framework	2min	"Rename this parameter ""skipRows"" to match the regular expression ^[_a-z][a-z0-9_]*$."	2023-08-11T15:38:41+0000	CODE_SMELL	false	test	"convention / "	Metadata_Framework:mdf/mdf_data_pipeline_libraries.py		MAIN	{startLine=2679.0, endLine=2679.0, startOffset=4.0, endOffset=12.0}	2min	AYnlQNcI5AMBGlO_4zI1	11d8d3f51e502b033ef7892c708cce68	OPEN
MINOR	2023-08-11T15:38:41+0000		2680.0		python:S117	Metadata_Framework	2min	"Rename this parameter ""nRows"" to match the regular expression ^[_a-z][a-z0-9_]*$."	2023-08-11T15:38:41+0000	CODE_SMELL	false	test	"convention / "	Metadata_Framework:mdf/mdf_data_pipeline_libraries.py		MAIN	{startLine=2680.0, endLine=2680.0, startOffset=4.0, endOffset=9.0}	2min	AYnlQNcI5AMBGlO_4zI0	e40ed00b81b099e77bf054df00c0df7c	OPEN
MAJOR	2023-08-11T15:38:41+0000		92.0		python:S125	Metadata_Framework	5min	Remove this commented out code.	2023-08-11T15:38:41+0000	CODE_SMELL	false	test	"unused / "	Metadata_Framework:mdf/mdf_data_quality.py		MAIN	{startLine=92.0, endLine=92.0, startOffset=0.0, endOffset=11.0}	5min	AYnlQNnm5AMBGlO_4zJm	de7228887a1d2986f242c44cb1da3e04	OPEN
MAJOR	2023-08-11T15:38:41+0000		118.0		python:S125	Metadata_Framework	5min	Remove this commented out code.	2023-08-11T15:38:41+0000	CODE_SMELL	false	test	"unused / "	Metadata_Framework:mdf/mdf_data_quality.py		MAIN	{startLine=118.0, endLine=118.0, startOffset=0.0, endOffset=11.0}	5min	AYnlQNnm5AMBGlO_4zJn	de7228887a1d2986f242c44cb1da3e04	OPEN
MAJOR	2023-08-11T15:38:41+0000		138.0		python:S125	Metadata_Framework	5min	Remove this commented out code.	2023-08-11T15:38:41+0000	CODE_SMELL	false	test	"unused / "	Metadata_Framework:mdf/mdf_data_quality.py		MAIN	{startLine=138.0, endLine=138.0, startOffset=0.0, endOffset=11.0}	5min	AYnlQNnn5AMBGlO_4zJp	de7228887a1d2986f242c44cb1da3e04	OPEN
MAJOR	2023-08-11T15:38:41+0000		231.0		python:S125	Metadata_Framework	5min	Remove this commented out code.	2023-08-11T15:38:41+0000	CODE_SMELL	false	test	"unused / "	Metadata_Framework:mdf/mdf_data_quality.py		MAIN	{startLine=231.0, endLine=231.0, startOffset=0.0, endOffset=11.0}	5min	AYnlQNnn5AMBGlO_4zJq	de7228887a1d2986f242c44cb1da3e04	OPEN
MAJOR	2023-08-11T15:38:41+0000		286.0		python:S125	Metadata_Framework	5min	Remove this commented out code.	2023-08-11T15:38:41+0000	CODE_SMELL	false	test	"unused / "	Metadata_Framework:mdf/mdf_data_quality.py		MAIN	{startLine=286.0, endLine=286.0, startOffset=0.0, endOffset=11.0}	5min	AYnlQNnn5AMBGlO_4zJr	de7228887a1d2986f242c44cb1da3e04	OPEN
MAJOR	2023-08-11T15:38:41+0000		381.0		python:S125	Metadata_Framework	5min	Remove this commented out code.	2023-08-11T15:38:41+0000	CODE_SMELL	false	test	"unused / "	Metadata_Framework:mdf/mdf_data_quality.py		MAIN	{startLine=381.0, endLine=381.0, startOffset=0.0, endOffset=11.0}	5min	AYnlQNnn5AMBGlO_4zJs	de7228887a1d2986f242c44cb1da3e04	OPEN
MAJOR	2023-08-11T15:38:41+0000		430.0		python:S125	Metadata_Framework	5min	Remove this commented out code.	2023-08-11T15:38:41+0000	CODE_SMELL	false	test	"unused / "	Metadata_Framework:mdf/mdf_data_quality.py		MAIN	{startLine=430.0, endLine=430.0, startOffset=0.0, endOffset=11.0}	5min	AYnlQNnn5AMBGlO_4zJt	de7228887a1d2986f242c44cb1da3e04	OPEN
CRITICAL	2023-08-11T15:38:41+0000		605.0		python:S1192	Metadata_Framework	12min	Define a constant instead of duplicating this literal 'DQ Check' 6 times.	2023-08-11T15:38:41+0000	CODE_SMELL	false	test	"design / "	Metadata_Framework:mdf/mdf_data_quality.py	"{locations=[{component=Metadata_Framework:mdf/mdf_data_quality.py, textRange={startLine=948.0, endLine=948.0, startOffset=26.0, endOffset=36.0}, msg=Duplication}]} / {locations=[{component=Metadata_Framework:mdf/mdf_data_quality.py, textRange={startLine=1033.0, endLine=1033.0, startOffset=26.0, endOffset=36.0}, msg=Duplication}]} / {locations=[{component=Metadata_Framework:mdf/mdf_data_quality.py, textRange={startLine=1140.0, endLine=1140.0, startOffset=26.0, endOffset=36.0}, msg=Duplication}]} / {locations=[{component=Metadata_Framework:mdf/mdf_data_quality.py, textRange={startLine=1570.0, endLine=1570.0, startOffset=26.0, endOffset=36.0}, msg=Duplication}]} / {locations=[{component=Metadata_Framework:mdf/mdf_data_quality.py, textRange={startLine=1630.0, endLine=1630.0, startOffset=26.0, endOffset=36.0}, msg=Duplication}]} / "	MAIN	{startLine=605.0, endLine=605.0, startOffset=28.0, endOffset=38.0}	12min	AYnlQNnj5AMBGlO_4zJl	50ff50601b0e2d64c6ab264e0fcb10b2	OPEN
MAJOR	2023-08-11T15:38:41+0000		978.0		python:S125	Metadata_Framework	5min	Remove this commented out code.	2023-08-11T15:38:41+0000	CODE_SMELL	false	test	"unused / "	Metadata_Framework:mdf/mdf_data_quality.py		MAIN	{startLine=978.0, endLine=978.0, startOffset=0.0, endOffset=11.0}	5min	AYnlQNnn5AMBGlO_4zJu	de7228887a1d2986f242c44cb1da3e04	OPEN
MAJOR	2023-08-11T15:38:41+0000		79.0		python:S125	Metadata_Framework	5min	Remove this commented out code.	2023-08-11T15:38:41+0000	CODE_SMELL	false	test	"unused / "	Metadata_Framework:mdf/mdf_data_transformation.py		MAIN	{startLine=79.0, endLine=79.0, startOffset=0.0, endOffset=11.0}	5min	AYnlQNlc5AMBGlO_4zJL	de7228887a1d2986f242c44cb1da3e04	OPEN
MAJOR	2023-08-11T15:38:41+0000		93.0		python:S125	Metadata_Framework	5min	Remove this commented out code.	2023-08-11T15:38:41+0000	CODE_SMELL	false	test	"unused / "	Metadata_Framework:mdf/mdf_data_transformation.py		MAIN	{startLine=93.0, endLine=93.0, startOffset=0.0, endOffset=11.0}	5min	AYnlQNlc5AMBGlO_4zJM	de7228887a1d2986f242c44cb1da3e04	OPEN
MAJOR	2023-08-11T15:38:41+0000		113.0		python:S125	Metadata_Framework	5min	Remove this commented out code.	2023-08-11T15:38:41+0000	CODE_SMELL	false	test	"unused / "	Metadata_Framework:mdf/mdf_data_transformation.py		MAIN	{startLine=113.0, endLine=113.0, startOffset=0.0, endOffset=11.0}	5min	AYnlQNlc5AMBGlO_4zJO	de7228887a1d2986f242c44cb1da3e04	OPEN
MAJOR	2023-08-11T15:38:41+0000		198.0		python:S125	Metadata_Framework	5min	Remove this commented out code.	2023-08-11T15:38:41+0000	CODE_SMELL	false	test	"unused / "	Metadata_Framework:mdf/mdf_data_transformation.py		MAIN	{startLine=198.0, endLine=198.0, startOffset=0.0, endOffset=11.0}	5min	AYnlQNlc5AMBGlO_4zJP	de7228887a1d2986f242c44cb1da3e04	OPEN
MAJOR	2023-08-11T15:38:41+0000		240.0		python:S125	Metadata_Framework	5min	Remove this commented out code.	2023-08-11T15:38:41+0000	CODE_SMELL	false	test	"unused / "	Metadata_Framework:mdf/mdf_data_transformation.py		MAIN	{startLine=240.0, endLine=240.0, startOffset=0.0, endOffset=11.0}	5min	AYnlQNld5AMBGlO_4zJQ	de7228887a1d2986f242c44cb1da3e04	OPEN
MAJOR	2023-08-11T15:38:41+0000		335.0		python:S125	Metadata_Framework	5min	Remove this commented out code.	2023-08-11T15:38:41+0000	CODE_SMELL	false	test	"unused / "	Metadata_Framework:mdf/mdf_data_transformation.py		MAIN	{startLine=335.0, endLine=335.0, startOffset=0.0, endOffset=11.0}	5min	AYnlQNld5AMBGlO_4zJR	de7228887a1d2986f242c44cb1da3e04	OPEN
MAJOR	2023-08-11T15:38:41+0000		384.0		python:S125	Metadata_Framework	5min	Remove this commented out code.	2023-08-11T15:38:41+0000	CODE_SMELL	false	test	"unused / "	Metadata_Framework:mdf/mdf_data_transformation.py		MAIN	{startLine=384.0, endLine=384.0, startOffset=0.0, endOffset=11.0}	5min	AYnlQNld5AMBGlO_4zJS	de7228887a1d2986f242c44cb1da3e04	OPEN
MAJOR	2023-08-11T15:38:41+0000		530.0		python:S125	Metadata_Framework	5min	Remove this commented out code.	2023-08-11T15:38:41+0000	CODE_SMELL	false	test	"unused / "	Metadata_Framework:mdf/mdf_data_transformation.py		MAIN	{startLine=530.0, endLine=530.0, startOffset=0.0, endOffset=11.0}	5min	AYnlQNld5AMBGlO_4zJT	de7228887a1d2986f242c44cb1da3e04	OPEN
MAJOR	2023-08-11T15:38:41+0000		791.0		python:S125	Metadata_Framework	5min	Remove this commented out code.	2023-08-11T15:38:41+0000	CODE_SMELL	false	test	"unused / "	Metadata_Framework:mdf/mdf_data_transformation.py		MAIN	{startLine=791.0, endLine=791.0, startOffset=0.0, endOffset=11.0}	5min	AYnlQNld5AMBGlO_4zJU	de7228887a1d2986f242c44cb1da3e04	OPEN
MAJOR	2023-08-11T15:38:41+0000		874.0		python:S125	Metadata_Framework	5min	Remove this commented out code.	2023-08-11T15:38:41+0000	CODE_SMELL	false	test	"unused / "	Metadata_Framework:mdf/mdf_data_transformation.py		MAIN	{startLine=874.0, endLine=874.0, startOffset=0.0, endOffset=11.0}	5min	AYnlQNld5AMBGlO_4zJV	de7228887a1d2986f242c44cb1da3e04	OPEN
MAJOR	2023-08-11T15:38:41+0000		1104.0		python:S125	Metadata_Framework	5min	Remove this commented out code.	2023-08-11T15:38:41+0000	CODE_SMELL	false	test	"unused / "	Metadata_Framework:mdf/mdf_data_transformation.py		MAIN	{startLine=1104.0, endLine=1104.0, startOffset=0.0, endOffset=11.0}	5min	AYnlQNld5AMBGlO_4zJW	de7228887a1d2986f242c44cb1da3e04	OPEN
MAJOR	2023-08-11T15:38:41+0000		1200.0		python:S125	Metadata_Framework	5min	Remove this commented out code.	2023-08-11T15:38:41+0000	CODE_SMELL	false	test	"unused / "	Metadata_Framework:mdf/mdf_data_transformation.py		MAIN	{startLine=1200.0, endLine=1200.0, startOffset=0.0, endOffset=11.0}	5min	AYnlQNld5AMBGlO_4zJX	de7228887a1d2986f242c44cb1da3e04	OPEN
MAJOR	2023-08-11T15:38:41+0000		1287.0		python:S125	Metadata_Framework	5min	Remove this commented out code.	2023-08-11T15:38:41+0000	CODE_SMELL	false	test	"unused / "	Metadata_Framework:mdf/mdf_data_transformation.py		MAIN	{startLine=1287.0, endLine=1287.0, startOffset=0.0, endOffset=11.0}	5min	AYnlQNld5AMBGlO_4zJY	de7228887a1d2986f242c44cb1da3e04	OPEN
MAJOR	2023-08-11T15:38:41+0000		1398.0		python:S125	Metadata_Framework	5min	Remove this commented out code.	2023-08-11T15:38:41+0000	CODE_SMELL	false	test	"unused / "	Metadata_Framework:mdf/mdf_data_transformation.py		MAIN	{startLine=1398.0, endLine=1398.0, startOffset=0.0, endOffset=11.0}	5min	AYnlQNld5AMBGlO_4zJZ	de7228887a1d2986f242c44cb1da3e04	OPEN
CRITICAL	2023-08-11T15:38:41+0000		4.0		python:S3776	Metadata_Framework	2h52min	Refactor this function to reduce its Cognitive Complexity from 182 to the 15 allowed.	2023-08-11T15:38:41+0000	CODE_SMELL	false	test	"brain-overload / "	Metadata_Framework:mdf/mdf_exception_handling.py	"{locations=[{component=Metadata_Framework:mdf/mdf_exception_handling.py, textRange={startLine=16.0, endLine=16.0, startOffset=4.0, endOffset=6.0}, msg=+1}]} / {locations=[{component=Metadata_Framework:mdf/mdf_exception_handling.py, textRange={startLine=22.0, endLine=22.0, startOffset=4.0, endOffset=8.0}, msg=+1}]} / {locations=[{component=Metadata_Framework:mdf/mdf_exception_handling.py, textRange={startLine=31.0, endLine=31.0, startOffset=4.0, endOffset=8.0}, msg=+1}]} / {locations=[{component=Metadata_Framework:mdf/mdf_exception_handling.py, textRange={startLine=43.0, endLine=43.0, startOffset=4.0, endOffset=8.0}, msg=+1}]} / {locations=[{component=Metadata_Framework:mdf/mdf_exception_handling.py, textRange={startLine=53.0, endLine=53.0, startOffset=4.0, endOffset=8.0}, msg=+1}]} / {locations=[{component=Metadata_Framework:mdf/mdf_exception_handling.py, textRange={startLine=68.0, endLine=68.0, startOffset=4.0, endOffset=8.0}, msg=+1}]} / {locations=[{component=Metadata_Framework:mdf/mdf_exception_handling.py, textRange={startLine=82.0, endLine=82.0, startOffset=4.0, endOffset=8.0}, msg=+1}]} / {locations=[{component=Metadata_Framework:mdf/mdf_exception_handling.py, textRange={startLine=88.0, endLine=88.0, startOffset=4.0, endOffset=8.0}, msg=+1}]} / {locations=[{component=Metadata_Framework:mdf/mdf_exception_handling.py, textRange={startLine=99.0, endLine=99.0, startOffset=4.0, endOffset=8.0}, msg=+1}]} / {locations=[{component=Metadata_Framework:mdf/mdf_exception_handling.py, textRange={startLine=111.0, endLine=111.0, startOffset=4.0, endOffset=8.0}, msg=+1}]} / {locations=[{component=Metadata_Framework:mdf/mdf_exception_handling.py, textRange={startLine=127.0, endLine=127.0, startOffset=4.0, endOffset=8.0}, msg=+1}]} / {locations=[{component=Metadata_Framework:mdf/mdf_exception_handling.py, textRange={startLine=146.0, endLine=146.0, startOffset=4.0, endOffset=8.0}, msg=+1}]} / {locations=[{component=Metadata_Framework:mdf/mdf_exception_handling.py, textRange={startLine=158.0, endLine=158.0, startOffset=4.0, endOffset=8.0}, msg=+1}]} / {locations=[{component=Metadata_Framework:mdf/mdf_exception_handling.py, textRange={startLine=175.0, endLine=175.0, startOffset=4.0, endOffset=8.0}, msg=+1}]} / {locations=[{component=Metadata_Framework:mdf/mdf_exception_handling.py, textRange={startLine=185.0, endLine=185.0, startOffset=4.0, endOffset=8.0}, msg=+1}]} / {locations=[{component=Metadata_Framework:mdf/mdf_exception_handling.py, textRange={startLine=210.0, endLine=210.0, startOffset=4.0, endOffset=8.0}, msg=+1}]} / {locations=[{component=Metadata_Framework:mdf/mdf_exception_handling.py, textRange={startLine=241.0, endLine=241.0, startOffset=4.0, endOffset=8.0}, msg=+1}]} / {locations=[{component=Metadata_Framework:mdf/mdf_exception_handling.py, textRange={startLine=257.0, endLine=257.0, startOffset=4.0, endOffset=8.0}, msg=+1}]} / {locations=[{component=Metadata_Framework:mdf/mdf_exception_handling.py, textRange={startLine=271.0, endLine=271.0, startOffset=4.0, endOffset=8.0}, msg=+1}]} / {locations=[{component=Metadata_Framework:mdf/mdf_exception_handling.py, textRange={startLine=286.0, endLine=286.0, startOffset=4.0, endOffset=8.0}, msg=+1}]} / {locations=[{component=Metadata_Framework:mdf/mdf_exception_handling.py, textRange={startLine=300.0, endLine=300.0, startOffset=4.0, endOffset=8.0}, msg=+1}]} / {locations=[{component=Metadata_Framework:mdf/mdf_exception_handling.py, textRange={startLine=311.0, endLine=311.0, startOffset=4.0, endOffset=8.0}, msg=+1}]} / {locations=[{component=Metadata_Framework:mdf/mdf_exception_handling.py, textRange={startLine=322.0, endLine=322.0, startOffset=4.0, endOffset=8.0}, msg=+1}]} / {locations=[{component=Metadata_Framework:mdf/mdf_exception_handling.py, textRange={startLine=333.0, endLine=333.0, startOffset=4.0, endOffset=8.0}, msg=+1}]} / {locations=[{component=Metadata_Framework:mdf/mdf_exception_handling.py, textRange={startLine=347.0, endLine=347.0, startOffset=4.0, endOffset=8.0}, msg=+1}]} / {locations=[{component=Metadata_Framework:mdf/mdf_exception_handling.py, textRange={startLine=359.0, endLine=359.0, startOffset=4.0, endOffset=8.0}, msg=+1}]} / {locations=[{component=Metadata_Framework:mdf/mdf_exception_handling.py, textRange={startLine=372.0, endLine=372.0, startOffset=4.0, endOffset=8.0}, msg=+1}]} / {locations=[{component=Metadata_Framework:mdf/mdf_exception_handling.py, textRange={startLine=389.0, endLine=389.0, startOffset=4.0, endOffset=8.0}, msg=+1}]} / {locations=[{component=Metadata_Framework:mdf/mdf_exception_handling.py, textRange={startLine=403.0, endLine=403.0, startOffset=4.0, endOffset=8.0}, msg=+1}]} / {locations=[{component=Metadata_Framework:mdf/mdf_exception_handling.py, textRange={startLine=413.0, endLine=413.0, startOffset=4.0, endOffset=8.0}, msg=+1}]} / {locations=[{component=Metadata_Framework:mdf/mdf_exception_handling.py, textRange={startLine=423.0, endLine=423.0, startOffset=4.0, endOffset=8.0}, msg=+1}]} / {locations=[{component=Metadata_Framework:mdf/mdf_exception_handling.py, textRange={startLine=434.0, endLine=434.0, startOffset=8.0, endOffset=10.0}, msg=+2 (incl 1 for nesting)}]} / {locations=[{component=Metadata_Framework:mdf/mdf_exception_handling.py, textRange={startLine=440.0, endLine=440.0, startOffset=8.0, endOffset=12.0}, msg=+1}]} / {locations=[{component=Metadata_Framework:mdf/mdf_exception_handling.py, textRange={startLine=495.0, endLine=495.0, startOffset=8.0, endOffset=12.0}, msg=+1}]} / {locations=[{component=Metadata_Framework:mdf/mdf_exception_handling.py, textRange={startLine=507.0, endLine=507.0, startOffset=8.0, endOffset=12.0}, msg=+1}]} / {locations=[{component=Metadata_Framework:mdf/mdf_exception_handling.py, textRange={startLine=559.0, endLine=559.0, startOffset=8.0, endOffset=12.0}, msg=+1}]} / {locations=[{component=Metadata_Framework:mdf/mdf_exception_handling.py, textRange={startLine=573.0, endLine=573.0, startOffset=8.0, endOffset=12.0}, msg=+1}]} / {locations=[{component=Metadata_Framework:mdf/mdf_exception_handling.py, textRange={startLine=586.0, endLine=586.0, startOffset=8.0, endOffset=12.0}, msg=+1}]} / {locations=[{component=Metadata_Framework:mdf/mdf_exception_handling.py, textRange={startLine=602.0, endLine=602.0, startOffset=8.0, endOffset=12.0}, msg=+1}]} / {locations=[{component=Metadata_Framework:mdf/mdf_exception_handling.py, textRange={startLine=612.0, endLine=612.0, startOffset=8.0, endOffset=12.0}, msg=+1}]} / {locations=[{component=Metadata_Framework:mdf/mdf_exception_handling.py, textRange={startLine=618.0, endLine=618.0, startOffset=8.0, endOffset=12.0}, msg=+1}]} / {locations=[{component=Metadata_Framework:mdf/mdf_exception_handling.py, textRange={startLine=624.0, endLine=624.0, startOffset=8.0, endOffset=12.0}, msg=+1}]} / {locations=[{component=Metadata_Framework:mdf/mdf_exception_handling.py, textRange={startLine=634.0, endLine=634.0, startOffset=8.0, endOffset=12.0}, msg=+1}]} / {locations=[{component=Metadata_Framework:mdf/mdf_exception_handling.py, textRange={startLine=689.0, endLine=689.0, startOffset=8.0, endOffset=12.0}, msg=+1}]} / {locations=[{component=Metadata_Framework:mdf/mdf_exception_handling.py, textRange={startLine=695.0, endLine=695.0, startOffset=8.0, endOffset=12.0}, msg=+1}]} / {locations=[{component=Metadata_Framework:mdf/mdf_exception_handling.py, textRange={startLine=716.0, endLine=716.0, startOffset=8.0, endOffset=12.0}, msg=+1}]} / {locations=[{component=Metadata_Framework:mdf/mdf_exception_handling.py, textRange={startLine=726.0, endLine=726.0, startOffset=8.0, endOffset=12.0}, msg=+1}]} / {locations=[{component=Metadata_Framework:mdf/mdf_exception_handling.py, textRange={startLine=733.0, endLine=733.0, startOffset=8.0, endOffset=12.0}, msg=+1}]} / {locations=[{component=Metadata_Framework:mdf/mdf_exception_handling.py, textRange={startLine=742.0, endLine=742.0, startOffset=8.0, endOffset=12.0}, msg=+1}]} / {locations=[{component=Metadata_Framework:mdf/mdf_exception_handling.py, textRange={startLine=749.0, endLine=749.0, startOffset=8.0, endOffset=12.0}, msg=+1}]} / {locations=[{component=Metadata_Framework:mdf/mdf_exception_handling.py, textRange={startLine=754.0, endLine=754.0, startOffset=8.0, endOffset=12.0}, msg=+1}]} / {locations=[{component=Metadata_Framework:mdf/mdf_exception_handling.py, textRange={startLine=760.0, endLine=760.0, startOffset=8.0, endOffset=12.0}, msg=+1}]} / {locations=[{component=Metadata_Framework:mdf/mdf_exception_handling.py, textRange={startLine=766.0, endLine=766.0, startOffset=8.0, endOffset=12.0}, msg=+1}]} / {locations=[{component=Metadata_Framework:mdf/mdf_exception_handling.py, textRange={startLine=772.0, endLine=772.0, startOffset=8.0, endOffset=12.0}, msg=+1}]} / {locations=[{component=Metadata_Framework:mdf/mdf_exception_handling.py, textRange={startLine=778.0, endLine=778.0, startOffset=8.0, endOffset=12.0}, msg=+1}]} / {locations=[{component=Metadata_Framework:mdf/mdf_exception_handling.py, textRange={startLine=789.0, endLine=789.0, startOffset=8.0, endOffset=12.0}, msg=+1}]} / {locations=[{component=Metadata_Framework:mdf/mdf_exception_handling.py, textRange={startLine=795.0, endLine=795.0, startOffset=8.0, endOffset=12.0}, msg=+1}]} / {locations=[{component=Metadata_Framework:mdf/mdf_exception_handling.py, textRange={startLine=819.0, endLine=819.0, startOffset=8.0, endOffset=12.0}, msg=+1}]} / {locations=[{component=Metadata_Framework:mdf/mdf_exception_handling.py, textRange={startLine=828.0, endLine=828.0, startOffset=8.0, endOffset=12.0}, msg=+1}]} / {locations=[{component=Metadata_Framework:mdf/mdf_exception_handling.py, textRange={startLine=835.0, endLine=835.0, startOffset=8.0, endOffset=12.0}, msg=+1}]} / {locations=[{component=Metadata_Framework:mdf/mdf_exception_handling.py, textRange={startLine=841.0, endLine=841.0, startOffset=8.0, endOffset=12.0}, msg=+1}]} / {locations=[{component=Metadata_Framework:mdf/mdf_exception_handling.py, textRange={startLine=851.0, endLine=851.0, startOffset=8.0, endOffset=12.0}, msg=+1}]} / {locations=[{component=Metadata_Framework:mdf/mdf_exception_handling.py, textRange={startLine=858.0, endLine=858.0, startOffset=8.0, endOffset=12.0}, msg=+1}]} / {locations=[{component=Metadata_Framework:mdf/mdf_exception_handling.py, textRange={startLine=869.0, endLine=869.0, startOffset=8.0, endOffset=12.0}, msg=+1}]} / {locations=[{component=Metadata_Framework:mdf/mdf_exception_handling.py, textRange={startLine=875.0, endLine=875.0, startOffset=8.0, endOffset=12.0}, msg=+1}]} / {locations=[{component=Metadata_Framework:mdf/mdf_exception_handling.py, textRange={startLine=881.0, endLine=881.0, startOffset=8.0, endOffset=12.0}, msg=+1}]} / {locations=[{component=Metadata_Framework:mdf/mdf_exception_handling.py, textRange={startLine=893.0, endLine=893.0, startOffset=8.0, endOffset=12.0}, msg=+1}]} / {locations=[{component=Metadata_Framework:mdf/mdf_exception_handling.py, textRange={startLine=902.0, endLine=902.0, startOffset=8.0, endOffset=12.0}, msg=+1}]} / {locations=[{component=Metadata_Framework:mdf/mdf_exception_handling.py, textRange={startLine=915.0, endLine=915.0, startOffset=8.0, endOffset=12.0}, msg=+1}]} / {locations=[{component=Metadata_Framework:mdf/mdf_exception_handling.py, textRange={startLine=926.0, endLine=926.0, startOffset=8.0, endOffset=12.0}, msg=+1}]} / {locations=[{component=Metadata_Framework:mdf/mdf_exception_handling.py, textRange={startLine=933.0, endLine=933.0, startOffset=8.0, endOffset=12.0}, msg=+1}]} / {locations=[{component=Metadata_Framework:mdf/mdf_exception_handling.py, textRange={startLine=942.0, endLine=942.0, startOffset=8.0, endOffset=12.0}, msg=+1}]} / {locations=[{component=Metadata_Framework:mdf/mdf_exception_handling.py, textRange={startLine=948.0, endLine=948.0, startOffset=8.0, endOffset=12.0}, msg=+1}]} / {locations=[{component=Metadata_Framework:mdf/mdf_exception_handling.py, textRange={startLine=955.0, endLine=955.0, startOffset=8.0, endOffset=12.0}, msg=+1}]} / {locations=[{component=Metadata_Framework:mdf/mdf_exception_handling.py, textRange={startLine=961.0, endLine=961.0, startOffset=8.0, endOffset=12.0}, msg=+1}]} / {locations=[{component=Metadata_Framework:mdf/mdf_exception_handling.py, textRange={startLine=967.0, endLine=967.0, startOffset=8.0, endOffset=12.0}, msg=+1}]} / {locations=[{component=Metadata_Framework:mdf/mdf_exception_handling.py, textRange={startLine=973.0, endLine=973.0, startOffset=8.0, endOffset=12.0}, msg=+1}]} / {locations=[{component=Metadata_Framework:mdf/mdf_exception_handling.py, textRange={startLine=1054.0, endLine=1054.0, startOffset=8.0, endOffset=12.0}, msg=+1}]} / {locations=[{component=Metadata_Framework:mdf/mdf_exception_handling.py, textRange={startLine=1076.0, endLine=1076.0, startOffset=8.0, endOffset=12.0}, msg=+1}]} / {locations=[{component=Metadata_Framework:mdf/mdf_exception_handling.py, textRange={startLine=1112.0, endLine=1112.0, startOffset=8.0, endOffset=12.0}, msg=+1}]} / {locations=[{component=Metadata_Framework:mdf/mdf_exception_handling.py, textRange={startLine=1125.0, endLine=1125.0, startOffset=8.0, endOffset=12.0}, msg=+1}]} / {locations=[{component=Metadata_Framework:mdf/mdf_exception_handling.py, textRange={startLine=1138.0, endLine=1138.0, startOffset=8.0, endOffset=12.0}, msg=+1}]} / {locations=[{component=Metadata_Framework:mdf/mdf_exception_handling.py, textRange={startLine=1150.0, endLine=1150.0, startOffset=8.0, endOffset=12.0}, msg=+1}]} / {locations=[{component=Metadata_Framework:mdf/mdf_exception_handling.py, textRange={startLine=1159.0, endLine=1159.0, startOffset=8.0, endOffset=12.0}, msg=+1}]} / {locations=[{component=Metadata_Framework:mdf/mdf_exception_handling.py, textRange={startLine=1183.0, endLine=1183.0, startOffset=8.0, endOffset=12.0}, msg=+1}]} / {locations=[{component=Metadata_Framework:mdf/mdf_exception_handling.py, textRange={startLine=1192.0, endLine=1192.0, startOffset=8.0, endOffset=12.0}, msg=+1}]} / {locations=[{component=Metadata_Framework:mdf/mdf_exception_handling.py, textRange={startLine=1202.0, endLine=1202.0, startOffset=8.0, endOffset=12.0}, msg=+1}]} / {locations=[{component=Metadata_Framework:mdf/mdf_exception_handling.py, textRange={startLine=1209.0, endLine=1209.0, startOffset=8.0, endOffset=12.0}, msg=+1}]} / {locations=[{component=Metadata_Framework:mdf/mdf_exception_handling.py, textRange={startLine=1223.0, endLine=1223.0, startOffset=8.0, endOffset=12.0}, msg=+1}]} / {locations=[{component=Metadata_Framework:mdf/mdf_exception_handling.py, textRange={startLine=1234.0, endLine=1234.0, startOffset=8.0, endOffset=12.0}, msg=+1}]} / {locations=[{component=Metadata_Framework:mdf/mdf_exception_handling.py, textRange={startLine=1258.0, endLine=1258.0, startOffset=8.0, endOffset=12.0}, msg=+1}]} / {locations=[{component=Metadata_Framework:mdf/mdf_exception_handling.py, textRange={startLine=1292.0, endLine=1292.0, startOffset=8.0, endOffset=12.0}, msg=+1}]} / {locations=[{component=Metadata_Framework:mdf/mdf_exception_handling.py, textRange={startLine=1308.0, endLine=1308.0, startOffset=8.0, endOffset=12.0}, msg=+1}]} / {locations=[{component=Metadata_Framework:mdf/mdf_exception_handling.py, textRange={startLine=1319.0, endLine=1319.0, startOffset=8.0, endOffset=12.0}, msg=+1}]} / {locations=[{component=Metadata_Framework:mdf/mdf_exception_handling.py, textRange={startLine=1333.0, endLine=1333.0, startOffset=8.0, endOffset=12.0}, msg=+1}]} / {locations=[{component=Metadata_Framework:mdf/mdf_exception_handling.py, textRange={startLine=1342.0, endLine=1342.0, startOffset=8.0, endOffset=12.0}, msg=+1}]} / {locations=[{component=Metadata_Framework:mdf/mdf_exception_handling.py, textRange={startLine=1350.0, endLine=1350.0, startOffset=8.0, endOffset=12.0}, msg=+1}]} / {locations=[{component=Metadata_Framework:mdf/mdf_exception_handling.py, textRange={startLine=1365.0, endLine=1365.0, startOffset=8.0, endOffset=12.0}, msg=+1}]} / {locations=[{component=Metadata_Framework:mdf/mdf_exception_handling.py, textRange={startLine=1377.0, endLine=1377.0, startOffset=8.0, endOffset=12.0}, msg=+1}]} / {locations=[{component=Metadata_Framework:mdf/mdf_exception_handling.py, textRange={startLine=1393.0, endLine=1393.0, startOffset=8.0, endOffset=12.0}, msg=+1}]} / {locations=[{component=Metadata_Framework:mdf/mdf_exception_handling.py, textRange={startLine=1405.0, endLine=1405.0, startOffset=8.0, endOffset=12.0}, msg=+1}]} / {locations=[{component=Metadata_Framework:mdf/mdf_exception_handling.py, textRange={startLine=1414.0, endLine=1414.0, startOffset=8.0, endOffset=12.0}, msg=+1}]} / {locations=[{component=Metadata_Framework:mdf/mdf_exception_handling.py, textRange={startLine=1425.0, endLine=1425.0, startOffset=8.0, endOffset=12.0}, msg=+1}]} / {locations=[{component=Metadata_Framework:mdf/mdf_exception_handling.py, textRange={startLine=1444.0, endLine=1444.0, startOffset=8.0, endOffset=12.0}, msg=+1}]} / {locations=[{component=Metadata_Framework:mdf/mdf_exception_handling.py, textRange={startLine=1455.0, endLine=1455.0, startOffset=8.0, endOffset=12.0}, msg=+1}]} / {locations=[{component=Metadata_Framework:mdf/mdf_exception_handling.py, textRange={startLine=1464.0, endLine=1464.0, startOffset=8.0, endOffset=12.0}, msg=+1}]} / {locations=[{component=Metadata_Framework:mdf/mdf_exception_handling.py, textRange={startLine=1473.0, endLine=1473.0, startOffset=8.0, endOffset=12.0}, msg=+1}]} / {locations=[{component=Metadata_Framework:mdf/mdf_exception_handling.py, textRange={startLine=1482.0, endLine=1482.0, startOffset=8.0, endOffset=12.0}, msg=+1}]} / {locations=[{component=Metadata_Framework:mdf/mdf_exception_handling.py, textRange={startLine=1492.0, endLine=1492.0, startOffset=8.0, endOffset=12.0}, msg=+1}]} / {locations=[{component=Metadata_Framework:mdf/mdf_exception_handling.py, textRange={startLine=1502.0, endLine=1502.0, startOffset=8.0, endOffset=12.0}, msg=+1}]} / {locations=[{component=Metadata_Framework:mdf/mdf_exception_handling.py, textRange={startLine=1513.0, endLine=1513.0, startOffset=8.0, endOffset=12.0}, msg=+1}]} / {locations=[{component=Metadata_Framework:mdf/mdf_exception_handling.py, textRange={startLine=1523.0, endLine=1523.0, startOffset=8.0, endOffset=12.0}, msg=+1}]} / {locations=[{component=Metadata_Framework:mdf/mdf_exception_handling.py, textRange={startLine=1532.0, endLine=1532.0, startOffset=8.0, endOffset=12.0}, msg=+1}]} / {locations=[{component=Metadata_Framework:mdf/mdf_exception_handling.py, textRange={startLine=1543.0, endLine=1543.0, startOffset=8.0, endOffset=12.0}, msg=+1}]} / {locations=[{component=Metadata_Framework:mdf/mdf_exception_handling.py, textRange={startLine=1549.0, endLine=1549.0, startOffset=8.0, endOffset=12.0}, msg=+1}]} / {locations=[{component=Metadata_Framework:mdf/mdf_exception_handling.py, textRange={startLine=1562.0, endLine=1562.0, startOffset=8.0, endOffset=12.0}, msg=+1}]} / {locations=[{component=Metadata_Framework:mdf/mdf_exception_handling.py, textRange={startLine=1568.0, endLine=1568.0, startOffset=8.0, endOffset=12.0}, msg=+1}]} / {locations=[{component=Metadata_Framework:mdf/mdf_exception_handling.py, textRange={startLine=1577.0, endLine=1577.0, startOffset=8.0, endOffset=12.0}, msg=+1}]} / {locations=[{component=Metadata_Framework:mdf/mdf_exception_handling.py, textRange={startLine=1583.0, endLine=1583.0, startOffset=8.0, endOffset=12.0}, msg=+1}]} / {locations=[{component=Metadata_Framework:mdf/mdf_exception_handling.py, textRange={startLine=1596.0, endLine=1596.0, startOffset=8.0, endOffset=12.0}, msg=+1}]} / {locations=[{component=Metadata_Framework:mdf/mdf_exception_handling.py, textRange={startLine=1609.0, endLine=1609.0, startOffset=8.0, endOffset=12.0}, msg=+1}]} / {locations=[{component=Metadata_Framework:mdf/mdf_exception_handling.py, textRange={startLine=1618.0, endLine=1618.0, startOffset=8.0, endOffset=12.0}, msg=+1}]} / {locations=[{component=Metadata_Framework:mdf/mdf_exception_handling.py, textRange={startLine=1629.0, endLine=1629.0, startOffset=8.0, endOffset=12.0}, msg=+1}]} / {locations=[{component=Metadata_Framework:mdf/mdf_exception_handling.py, textRange={startLine=1635.0, endLine=1635.0, startOffset=8.0, endOffset=12.0}, msg=+1}]} / {locations=[{component=Metadata_Framework:mdf/mdf_exception_handling.py, textRange={startLine=1650.0, endLine=1650.0, startOffset=8.0, endOffset=12.0}, msg=+1}]} / {locations=[{component=Metadata_Framework:mdf/mdf_exception_handling.py, textRange={startLine=1660.0, endLine=1660.0, startOffset=8.0, endOffset=12.0}, msg=+1}]} / {locations=[{component=Metadata_Framework:mdf/mdf_exception_handling.py, textRange={startLine=1669.0, endLine=1669.0, startOffset=8.0, endOffset=12.0}, msg=+1}]} / {locations=[{component=Metadata_Framework:mdf/mdf_exception_handling.py, textRange={startLine=1684.0, endLine=1684.0, startOffset=8.0, endOffset=12.0}, msg=+1}]} / {locations=[{component=Metadata_Framework:mdf/mdf_exception_handling.py, textRange={startLine=1693.0, endLine=1693.0, startOffset=8.0, endOffset=12.0}, msg=+1}]} / {locations=[{component=Metadata_Framework:mdf/mdf_exception_handling.py, textRange={startLine=1700.0, endLine=1700.0, startOffset=8.0, endOffset=12.0}, msg=+1}]} / {locations=[{component=Metadata_Framework:mdf/mdf_exception_handling.py, textRange={startLine=1723.0, endLine=1723.0, startOffset=8.0, endOffset=12.0}, msg=+1}]} / {locations=[{component=Metadata_Framework:mdf/mdf_exception_handling.py, textRange={startLine=1736.0, endLine=1736.0, startOffset=8.0, endOffset=12.0}, msg=+1}]} / {locations=[{component=Metadata_Framework:mdf/mdf_exception_handling.py, textRange={startLine=1749.0, endLine=1749.0, startOffset=8.0, endOffset=12.0}, msg=+1}]} / {locations=[{component=Metadata_Framework:mdf/mdf_exception_handling.py, textRange={startLine=1758.0, endLine=1758.0, startOffset=8.0, endOffset=12.0}, msg=+1}]} / {locations=[{component=Metadata_Framework:mdf/mdf_exception_handling.py, textRange={startLine=1765.0, endLine=1765.0, startOffset=8.0, endOffset=12.0}, msg=+1}]} / {locations=[{component=Metadata_Framework:mdf/mdf_exception_handling.py, textRange={startLine=1774.0, endLine=1774.0, startOffset=8.0, endOffset=12.0}, msg=+1}]} / {locations=[{component=Metadata_Framework:mdf/mdf_exception_handling.py, textRange={startLine=1789.0, endLine=1789.0, startOffset=8.0, endOffset=12.0}, msg=+1}]} / {locations=[{component=Metadata_Framework:mdf/mdf_exception_handling.py, textRange={startLine=1798.0, endLine=1798.0, startOffset=8.0, endOffset=12.0}, msg=+1}]} / {locations=[{component=Metadata_Framework:mdf/mdf_exception_handling.py, textRange={startLine=1804.0, endLine=1804.0, startOffset=8.0, endOffset=12.0}, msg=+1}]} / {locations=[{component=Metadata_Framework:mdf/mdf_exception_handling.py, textRange={startLine=1813.0, endLine=1813.0, startOffset=8.0, endOffset=12.0}, msg=+1}]} / {locations=[{component=Metadata_Framework:mdf/mdf_exception_handling.py, textRange={startLine=1819.0, endLine=1819.0, startOffset=8.0, endOffset=12.0}, msg=+1}]} / {locations=[{component=Metadata_Framework:mdf/mdf_exception_handling.py, textRange={startLine=1828.0, endLine=1828.0, startOffset=8.0, endOffset=12.0}, msg=+1}]} / {locations=[{component=Metadata_Framework:mdf/mdf_exception_handling.py, textRange={startLine=1838.0, endLine=1838.0, startOffset=8.0, endOffset=12.0}, msg=+1}]} / {locations=[{component=Metadata_Framework:mdf/mdf_exception_handling.py, textRange={startLine=1849.0, endLine=1849.0, startOffset=8.0, endOffset=12.0}, msg=+1}]} / {locations=[{component=Metadata_Framework:mdf/mdf_exception_handling.py, textRange={startLine=1855.0, endLine=1855.0, startOffset=8.0, endOffset=12.0}, msg=+1}]} / {locations=[{component=Metadata_Framework:mdf/mdf_exception_handling.py, textRange={startLine=1865.0, endLine=1865.0, startOffset=8.0, endOffset=12.0}, msg=+1}]} / {locations=[{component=Metadata_Framework:mdf/mdf_exception_handling.py, textRange={startLine=1876.0, endLine=1876.0, startOffset=8.0, endOffset=12.0}, msg=+1}]} / {locations=[{component=Metadata_Framework:mdf/mdf_exception_handling.py, textRange={startLine=1886.0, endLine=1886.0, startOffset=8.0, endOffset=12.0}, msg=+1}]} / {locations=[{component=Metadata_Framework:mdf/mdf_exception_handling.py, textRange={startLine=1896.0, endLine=1896.0, startOffset=8.0, endOffset=12.0}, msg=+1}]} / {locations=[{component=Metadata_Framework:mdf/mdf_exception_handling.py, textRange={startLine=1902.0, endLine=1902.0, startOffset=8.0, endOffset=12.0}, msg=+1}]} / {locations=[{component=Metadata_Framework:mdf/mdf_exception_handling.py, textRange={startLine=1908.0, endLine=1908.0, startOffset=8.0, endOffset=12.0}, msg=+1}]} / {locations=[{component=Metadata_Framework:mdf/mdf_exception_handling.py, textRange={startLine=1917.0, endLine=1917.0, startOffset=8.0, endOffset=12.0}, msg=+1}]} / {locations=[{component=Metadata_Framework:mdf/mdf_exception_handling.py, textRange={startLine=1931.0, endLine=1931.0, startOffset=8.0, endOffset=12.0}, msg=+1}]} / {locations=[{component=Metadata_Framework:mdf/mdf_exception_handling.py, textRange={startLine=1938.0, endLine=1938.0, startOffset=8.0, endOffset=12.0}, msg=+1}]} / {locations=[{component=Metadata_Framework:mdf/mdf_exception_handling.py, textRange={startLine=1945.0, endLine=1945.0, startOffset=8.0, endOffset=12.0}, msg=+1}]} / {locations=[{component=Metadata_Framework:mdf/mdf_exception_handling.py, textRange={startLine=1956.0, endLine=1956.0, startOffset=8.0, endOffset=12.0}, msg=+1}]} / {locations=[{component=Metadata_Framework:mdf/mdf_exception_handling.py, textRange={startLine=1967.0, endLine=1967.0, startOffset=8.0, endOffset=12.0}, msg=+1}]} / {locations=[{component=Metadata_Framework:mdf/mdf_exception_handling.py, textRange={startLine=1973.0, endLine=1973.0, startOffset=8.0, endOffset=12.0}, msg=+1}]} / {locations=[{component=Metadata_Framework:mdf/mdf_exception_handling.py, textRange={startLine=1979.0, endLine=1979.0, startOffset=8.0, endOffset=12.0}, msg=+1}]} / {locations=[{component=Metadata_Framework:mdf/mdf_exception_handling.py, textRange={startLine=1985.0, endLine=1985.0, startOffset=8.0, endOffset=12.0}, msg=+1}]} / {locations=[{component=Metadata_Framework:mdf/mdf_exception_handling.py, textRange={startLine=1991.0, endLine=1991.0, startOffset=8.0, endOffset=12.0}, msg=+1}]} / {locations=[{component=Metadata_Framework:mdf/mdf_exception_handling.py, textRange={startLine=2000.0, endLine=2000.0, startOffset=8.0, endOffset=12.0}, msg=+1}]} / {locations=[{component=Metadata_Framework:mdf/mdf_exception_handling.py, textRange={startLine=2021.0, endLine=2021.0, startOffset=8.0, endOffset=12.0}, msg=+1}]} / {locations=[{component=Metadata_Framework:mdf/mdf_exception_handling.py, textRange={startLine=2031.0, endLine=2031.0, startOffset=8.0, endOffset=12.0}, msg=+1}]} / {locations=[{component=Metadata_Framework:mdf/mdf_exception_handling.py, textRange={startLine=2037.0, endLine=2037.0, startOffset=8.0, endOffset=12.0}, msg=+1}]} / {locations=[{component=Metadata_Framework:mdf/mdf_exception_handling.py, textRange={startLine=2047.0, endLine=2047.0, startOffset=8.0, endOffset=12.0}, msg=+1}]} / {locations=[{component=Metadata_Framework:mdf/mdf_exception_handling.py, textRange={startLine=2057.0, endLine=2057.0, startOffset=8.0, endOffset=12.0}, msg=+1}]} / {locations=[{component=Metadata_Framework:mdf/mdf_exception_handling.py, textRange={startLine=2068.0, endLine=2068.0, startOffset=8.0, endOffset=12.0}, msg=+1}]} / {locations=[{component=Metadata_Framework:mdf/mdf_exception_handling.py, textRange={startLine=2074.0, endLine=2074.0, startOffset=8.0, endOffset=12.0}, msg=+1}]} / {locations=[{component=Metadata_Framework:mdf/mdf_exception_handling.py, textRange={startLine=2083.0, endLine=2083.0, startOffset=8.0, endOffset=12.0}, msg=+1}]} / {locations=[{component=Metadata_Framework:mdf/mdf_exception_handling.py, textRange={startLine=2094.0, endLine=2094.0, startOffset=8.0, endOffset=12.0}, msg=+1}]} / {locations=[{component=Metadata_Framework:mdf/mdf_exception_handling.py, textRange={startLine=2101.0, endLine=2101.0, startOffset=8.0, endOffset=12.0}, msg=+1}]} / {locations=[{component=Metadata_Framework:mdf/mdf_exception_handling.py, textRange={startLine=2111.0, endLine=2111.0, startOffset=8.0, endOffset=12.0}, msg=+1}]} / {locations=[{component=Metadata_Framework:mdf/mdf_exception_handling.py, textRange={startLine=2117.0, endLine=2117.0, startOffset=8.0, endOffset=12.0}, msg=+1}]} / {locations=[{component=Metadata_Framework:mdf/mdf_exception_handling.py, textRange={startLine=2123.0, endLine=2123.0, startOffset=8.0, endOffset=12.0}, msg=+1}]} / {locations=[{component=Metadata_Framework:mdf/mdf_exception_handling.py, textRange={startLine=2129.0, endLine=2129.0, startOffset=8.0, endOffset=12.0}, msg=+1}]} / {locations=[{component=Metadata_Framework:mdf/mdf_exception_handling.py, textRange={startLine=2135.0, endLine=2135.0, startOffset=8.0, endOffset=12.0}, msg=+1}]} / {locations=[{component=Metadata_Framework:mdf/mdf_exception_handling.py, textRange={startLine=2147.0, endLine=2147.0, startOffset=8.0, endOffset=12.0}, msg=+1}]} / {locations=[{component=Metadata_Framework:mdf/mdf_exception_handling.py, textRange={startLine=2153.0, endLine=2153.0, startOffset=8.0, endOffset=12.0}, msg=+1}]} / {locations=[{component=Metadata_Framework:mdf/mdf_exception_handling.py, textRange={startLine=2197.0, endLine=2197.0, startOffset=8.0, endOffset=12.0}, msg=+1}]} / {locations=[{component=Metadata_Framework:mdf/mdf_exception_handling.py, textRange={startLine=2204.0, endLine=2204.0, startOffset=4.0, endOffset=8.0}, msg=+1}]} / "	MAIN	{startLine=4.0, endLine=4.0, startOffset=4.0, endOffset=21.0}	2h52min	AYnlQNjR5AMBGlO_4zJE	9c47056f7157fe7aec3539b4e64e94b0	OPEN
CRITICAL	2023-08-11T15:38:41+0000		59.0		python:S1192	Metadata_Framework	18min	"Define a constant instead of duplicating this literal r""'([^']*)'"" 9 times."	2023-08-11T15:38:41+0000	CODE_SMELL	false	test	"design / "	Metadata_Framework:mdf/mdf_exception_handling.py	"{locations=[{component=Metadata_Framework:mdf/mdf_exception_handling.py, textRange={startLine=74.0, endLine=74.0, startOffset=33.0, endOffset=45.0}, msg=Duplication}]} / {locations=[{component=Metadata_Framework:mdf/mdf_exception_handling.py, textRange={startLine=118.0, endLine=118.0, startOffset=33.0, endOffset=45.0}, msg=Duplication}]} / {locations=[{component=Metadata_Framework:mdf/mdf_exception_handling.py, textRange={startLine=264.0, endLine=264.0, startOffset=33.0, endOffset=45.0}, msg=Duplication}]} / {locations=[{component=Metadata_Framework:mdf/mdf_exception_handling.py, textRange={startLine=339.0, endLine=339.0, startOffset=33.0, endOffset=45.0}, msg=Duplication}]} / {locations=[{component=Metadata_Framework:mdf/mdf_exception_handling.py, textRange={startLine=352.0, endLine=352.0, startOffset=33.0, endOffset=45.0}, msg=Duplication}]} / {locations=[{component=Metadata_Framework:mdf/mdf_exception_handling.py, textRange={startLine=365.0, endLine=365.0, startOffset=33.0, endOffset=45.0}, msg=Duplication}]} / {locations=[{component=Metadata_Framework:mdf/mdf_exception_handling.py, textRange={startLine=381.0, endLine=381.0, startOffset=33.0, endOffset=45.0}, msg=Duplication}]} / {locations=[{component=Metadata_Framework:mdf/mdf_exception_handling.py, textRange={startLine=396.0, endLine=396.0, startOffset=33.0, endOffset=45.0}, msg=Duplication}]} / "	MAIN	{startLine=59.0, endLine=59.0, startOffset=33.0, endOffset=45.0}	18min	AYnlQNjR5AMBGlO_4zJD	e0f0f775b71ad94a85c64660b95b2547	OPEN
MAJOR	2023-08-11T15:38:41+0000		248.0		python:S125	Metadata_Framework	5min	Remove this commented out code.	2023-08-11T15:38:41+0000	CODE_SMELL	false	test	"unused / "	Metadata_Framework:mdf/mdf_exception_handling.py		MAIN	{startLine=248.0, endLine=248.0, startOffset=8.0, endOffset=78.0}	5min	AYnlQNjR5AMBGlO_4zJF	8c51d54253be461fee916b436dc991c6	OPEN
MAJOR	2023-08-11T15:38:41+0000		250.0		python:S125	Metadata_Framework	5min	Remove this commented out code.	2023-08-11T15:38:41+0000	CODE_SMELL	false	test	"unused / "	Metadata_Framework:mdf/mdf_exception_handling.py		MAIN	{startLine=250.0, endLine=250.0, startOffset=8.0, endOffset=60.0}	5min	AYnlQNjR5AMBGlO_4zJG	1cbd37b73eb6fe6223dff79ebf2fd617	OPEN
MAJOR	2023-08-11T15:38:41+0000		624.0		python:S5914	Metadata_Framework	5min	Replace this expression; its boolean value is constant.	2023-08-11T15:38:41+0000	CODE_SMELL	false	test	"confusing / suspicious / tests / "	Metadata_Framework:mdf_tests/test_data_pipelines_libraries.py		TEST	{startLine=624.0, endLine=624.0, startOffset=19.0, endOffset=23.0}	5min	AYnlQNqB5AMBGlO_4zJv	4bf0055e08bb4400dcc21e2889f93fbc	OPEN
MAJOR	2023-08-11T15:38:41+0000		812.0		python:S5914	Metadata_Framework	5min	Replace this expression; its boolean value is constant.	2023-08-11T15:38:41+0000	CODE_SMELL	false	test	"confusing / suspicious / tests / "	Metadata_Framework:mdf_tests/test_data_pipelines_libraries.py		TEST	{startLine=812.0, endLine=812.0, startOffset=19.0, endOffset=23.0}	5min	AYnlQNqB5AMBGlO_4zJw	4bf0055e08bb4400dcc21e2889f93fbc	OPEN
MAJOR	2023-08-11T15:38:41+0000		1025.0		python:S5914	Metadata_Framework	5min	Replace this expression; its boolean value is constant.	2023-08-11T15:38:41+0000	CODE_SMELL	false	test	"confusing / suspicious / tests / "	Metadata_Framework:mdf_tests/test_data_pipelines_libraries.py		TEST	{startLine=1025.0, endLine=1025.0, startOffset=19.0, endOffset=23.0}	5min	AYnlQNqB5AMBGlO_4zJx	4bf0055e08bb4400dcc21e2889f93fbc	OPEN
MAJOR	2023-08-11T15:38:41+0000		1046.0		python:S5914	Metadata_Framework	5min	Replace this expression; its boolean value is constant.	2023-08-11T15:38:41+0000	CODE_SMELL	false	test	"confusing / suspicious / tests / "	Metadata_Framework:mdf_tests/test_data_pipelines_libraries.py		TEST	{startLine=1046.0, endLine=1046.0, startOffset=19.0, endOffset=23.0}	5min	AYnlQNqB5AMBGlO_4zJy	4bf0055e08bb4400dcc21e2889f93fbc	OPEN
MAJOR	2023-08-11T15:38:41+0000		1068.0		python:S5914	Metadata_Framework	5min	Replace this expression; its boolean value is constant.	2023-08-11T15:38:41+0000	CODE_SMELL	false	test	"confusing / suspicious / tests / "	Metadata_Framework:mdf_tests/test_data_pipelines_libraries.py		TEST	{startLine=1068.0, endLine=1068.0, startOffset=19.0, endOffset=23.0}	5min	AYnlQNqB5AMBGlO_4zJz	4bf0055e08bb4400dcc21e2889f93fbc	OPEN
MAJOR	2023-08-11T15:38:41+0000		1090.0		python:S5914	Metadata_Framework	5min	Replace this expression; its boolean value is constant.	2023-08-11T15:38:41+0000	CODE_SMELL	false	test	"confusing / suspicious / tests / "	Metadata_Framework:mdf_tests/test_data_pipelines_libraries.py		TEST	{startLine=1090.0, endLine=1090.0, startOffset=19.0, endOffset=23.0}	5min	AYnlQNqB5AMBGlO_4zJ0	4bf0055e08bb4400dcc21e2889f93fbc	OPEN
MAJOR	2023-08-11T15:38:41+0000		1142.0		python:S5914	Metadata_Framework	5min	Replace this expression; its boolean value is constant.	2023-08-11T15:38:41+0000	CODE_SMELL	false	test	"confusing / suspicious / tests / "	Metadata_Framework:mdf_tests/test_data_pipelines_libraries.py		TEST	{startLine=1142.0, endLine=1142.0, startOffset=19.0, endOffset=23.0}	5min	AYnlQNqB5AMBGlO_4zJ1	4bf0055e08bb4400dcc21e2889f93fbc	OPEN
MAJOR	2023-08-11T15:38:41+0000		1209.0		python:S5914	Metadata_Framework	5min	Replace this expression; its boolean value is constant.	2023-08-11T15:38:41+0000	CODE_SMELL	false	test	"confusing / suspicious / tests / "	Metadata_Framework:mdf_tests/test_data_pipelines_libraries.py		TEST	{startLine=1209.0, endLine=1209.0, startOffset=19.0, endOffset=23.0}	5min	AYnlQNqB5AMBGlO_4zJ2	4bf0055e08bb4400dcc21e2889f93fbc	OPEN
MAJOR	2023-08-11T15:38:41+0000		1567.0		python:S5914	Metadata_Framework	5min	Replace this expression; its boolean value is constant.	2023-08-11T15:38:41+0000	CODE_SMELL	false	test	"confusing / suspicious / tests / "	Metadata_Framework:mdf_tests/test_data_pipelines_libraries.py		TEST	{startLine=1567.0, endLine=1567.0, startOffset=19.0, endOffset=23.0}	5min	AYnlQNqB5AMBGlO_4zJ3	4bf0055e08bb4400dcc21e2889f93fbc	OPEN
MAJOR	2023-08-11T15:38:41+0000		1632.0		python:S5914	Metadata_Framework	5min	Replace this expression; its boolean value is constant.	2023-08-11T15:38:41+0000	CODE_SMELL	false	test	"confusing / suspicious / tests / "	Metadata_Framework:mdf_tests/test_data_pipelines_libraries.py		TEST	{startLine=1632.0, endLine=1632.0, startOffset=19.0, endOffset=23.0}	5min	AYnlQNqB5AMBGlO_4zJ4	4bf0055e08bb4400dcc21e2889f93fbc	OPEN
MAJOR	2023-08-11T15:38:41+0000		1698.0		python:S5914	Metadata_Framework	5min	Replace this expression; its boolean value is constant.	2023-08-11T15:38:41+0000	CODE_SMELL	false	test	"confusing / suspicious / tests / "	Metadata_Framework:mdf_tests/test_data_pipelines_libraries.py		TEST	{startLine=1698.0, endLine=1698.0, startOffset=19.0, endOffset=23.0}	5min	AYnlQNqB5AMBGlO_4zJ5	4bf0055e08bb4400dcc21e2889f93fbc	OPEN
